<?xml version="1.0" encoding="UTF-8"?>
<DashboardFolder xmlns="http://soap.sforce.com/2006/04/metadata">
    <folderShares>
        <accessLevel>Manage</accessLevel>
        <sharedTo>admin@tg.com</sharedTo>
        <sharedToType>User</sharedToType>
    </folderShares>
    <folderShares>
        <accessLevel>View</accessLevel>
        <sharedTo>S4_Level_8_Ground_Team</sharedTo>
        <sharedToType>Group</sharedToType>
    </folderShares>
    <folderShares>
        <accessLevel>View</accessLevel>
        <sharedTo>S4_Level_8_In_Flight_Team</sharedTo>
        <sharedToType>Group</sharedToType>
    </folderShares>
    <folderShares>
        <accessLevel>View</accessLevel>
        <sharedTo>S4_Level_8_Team</sharedTo>
        <sharedToType>Group</sharedToType>
    </folderShares>
    <name>S4 Dashboard</name>
</DashboardFolder>
