<?xml version="1.0" encoding="UTF-8"?>
<DashboardFolder xmlns="http://soap.sforce.com/2006/04/metadata">
    <folderShares>
        <accessLevel>View</accessLevel>
        <sharedTo>bkkszoffice@thaiairways.com</sharedTo>
        <sharedToType>User</sharedToType>
    </folderShares>
    <folderShares>
        <accessLevel>Manage</accessLevel>
        <sharedTo>integration@tg.com</sharedTo>
        <sharedToType>User</sharedToType>
    </folderShares>
    <name>S4 Monitoring</name>
</DashboardFolder>
